<?xml version="1.0" encoding="UTF-8"?>
<designs>
    <corporate>
        <newswall>
            <content>
                <text>Ut enim ad minim veniam</text>
                <image>/../../app/local/modules/TemplateCorporate/resources/images/templates/corporate/content/corporate3.jpeg</image>
            </content>
            <content>
                <text>Lorem ipsum dolor sit amet</text>
                <image>/../../app/local/modules/TemplateCorporate/resources/images/templates/corporate/content/corporate4.jpeg</image>
            </content>
        </newswall>
    </corporate>
</designs>
