<?xml version="1.0" encoding="UTF-8"?>
<designs>
    <corporate>
        <events>
            <event>
                <content>
                    <name>Seminary</name>
                    <event_type>cstm</event_type>
                </content>
                <custom_contents>
                    <custom_content>
                        <name>Lorem ipsum</name>
                        <start_at>2015-05-19 08:00:00</start_at>
                        <end_at>2022-05-31 18:00:00</end_at>
                    </custom_content>
                    <custom_content>
                        <name>Lorem Ipsum 2</name>
                        <start_at>2015-05-20 08:00:00</start_at>
                        <end_at>2022-05-31 17:00:00</end_at>
                    </custom_content>
                </custom_contents>
            </event>
        </events>
    </corporate>
</designs>
