<?xml version="1.0" encoding="UTF-8"?>
<designs>
    <corporate>
        <blocks>
            <block>
                <type>image</type>
                <position>1</position>
                <description></description>
                <library_id></library_id>
                <image_url>/../../app/local/modules/TemplateCorporate/resources/images/templates/corporate/content/corporate.jpeg</image_url>
                <image_url>/../../app/local/modules/TemplateCorporate/resources/images/templates/corporate/content/corporate2.jpeg</image_url>
                <image_fullsize_url>/../../app/local/modules/TemplateCorporate/resources/images/templates/corporate/content/corporate.jpeg</image_fullsize_url>
                <image_fullsize_url>/../../app/local/modules/TemplateCorporate/resources/images/templates/corporate/content/corporate2.jpeg</image_fullsize_url>
            </block>
            <block>
                <type>text</type>
                <position>2</position>
                <content>
                    Lorem ipsum dolor sit amet, consectetur adipiscing elit, sed do eiusmod tempor
                    incididunt ut labore et dolore magna aliqua. Ut enim ad minim veniam, quis nostrud
                    exercitation ullamco laboris nisi ut aliquip ex ea commodo consequat. Duis aute irure
                    dolor in reprehenderit in voluptate velit esse cillum dolore eu fugiat nulla pariatur.
                    Excepteur sint occaecat cupidatat non proident, sunt in culpa qui officia deserunt
                    mollit anim id est laborum.
                </content>
            </block>
            <block>
                <type>button</type>
                <position>3</position>
                <type_id>link</type_id>
                <content>http://www.google.com</content>
            </block>
        </blocks>
        <places>
            <place>
                <content>
                    <title>First Conference</title>
                </content>
                <block>
                    <type>address</type>
                    <position>1</position>
                    <label>First Conference</label>
                    <address>235 Market Street, San Francisco, Californie, États-Unis</address>
                    <latitude>37.7927656</latitude>
                    <longitude>-122.39699280000002</longitude>
                    <show_address>1</show_address>
                    <show_geolocation_button>1</show_geolocation_button>
                </block>
            </place>
            <place>
                <content>
                    <title>Second Conference</title>
                </content>
                <block>
                    <type>address</type>
                    <position>1</position>
                    <label>Second Conference</label>
                    <address>259 Market Street, San Francisco, Californie, États-Unis</address>
                    <latitude>37.7997707</latitude>
                    <longitude>-122.28395710000001</longitude>
                    <show_address>1</show_address>
                    <show_geolocation_button>1</show_geolocation_button>
                </block>
            </place>
            <place>
                <content>
                    <title>Third Conference</title>
                </content>
                <block>
                    <type>address</type>
                    <position>1</position>
                    <label>Third Conference</label>
                    <address>3 California Street, San Francisco, Californie, États-Unis</address>
                    <latitude>37.7936529</latitude>
                    <longitude>-122.39650489999997</longitude>
                    <show_address>1</show_address>
                    <show_geolocation_button>1</show_geolocation_button>
                </block>
            </place>
        </places>
    </corporate>
</designs>